eval-density;spatial-autocorrelation-index;eval-speed;eval-activities;eval-economic;id
0.22920151869373262;0.22950568596290172;0.9898250575943677;3.054370294699009;0.07246759937867753;112
0.11287345952680347;0.16430203312231978;0.9910125741126602;2.9030895043201914;0.07762588852567483;121
0.22920151869373268;0.22950568596290172;0.9898250575943678;3.054370294699009;0.06976526679072868;122
0.2292015186937327;0.22950568596290172;0.9898250575943677;3.054370294699009;0.06692366244542343;211
0.11217425569023327;0.15560095662620588;0.991655043752623;2.8557208313931124;0.07174941216780537;212
0.2292015186937327;0.22950568596290172;0.9898250575943678;3.0543702946990083;0.08163827745849196;221
